N_total,error,log10_error
1000,0.018332311009189507,-1.7367827835225442
10999,0.0044458159529963395,-2.3520485201013903
20999,0.002208506830206431,-2.6559012532693544
30998,9.150381352809212E-5,-4.0385608058276
40998,6.598217208565815E-4,-3.180573391893303
50997,0.0031970144715095343,-2.4952553978595255
60997,0.002401911852582685,-2.619442934751338
70996,0.0029972673043283317,-2.5232745237817245
80996,0.0012558590839232913,-2.90105908871019
90995,2.0017374623237106E-4,-3.6985928829710013
100995,0.002379090072704463,-2.623589115197706
110994,0.0019216202340539246,-2.7163324369334148
120994,5.75131050352864E-5,-4.240233184944637
130993,5.604654611438708E-4,-3.2514511457751802
140993,0.0013965083631170391,-2.8549564591432794
150992,0.0026575899861567753,-2.5755120213184215
160992,6.262030348231913E-4,-3.2032848319542175
170991,9.979250325519197E-4,-3.0009020831333943
180991,3.939571504027952E-4,-3.4045510125795624
190990,0.0022479202977492845,-2.6482190911729564
200990,0.0025730655351206837,-2.589549152313234
210989,0.002321079216389756,-2.6343100372029085
220989,1.691288000015171E-4,-3.771782432516123
230988,2.8966859363786925E-4,-3.538098589190985
240988,0.0018625759298295957,-2.729886013756127
250987,9.90596991646292E-4,-3.0041029952647267
260987,6.767067189141813E-4,-3.1695995114537747
270986,6.159475597796508E-4,-3.2104562609975575
280986,8.523955066599178E-4,-3.0693588483031506
290985,0.0016368516435609963,-2.785990681188277
300985,6.765587179990723E-4,-3.1696945053540864
310984,7.462240943497169E-4,-3.1271307324136672
320984,7.646002911933592E-4,-3.1165655409185535
330983,2.209638607123132E-4,-3.655678750643584
340983,8.535164880187541E-4,-3.0687880848756706
350982,6.725001766919516E-4,-3.172307597219488
360982,9.932462727384672E-4,-3.0029430560054498
370981,2.704350186106537E-4,-3.5679370723285464
380981,0.0015733403262246273,-2.803177325809715
390980,4.0063855837264286E-4,-3.3972472555351474
400980,4.415105008186108E-4,-3.3550589627696623
410979,1.1509866550336525E-4,-3.938929711712384
420979,7.595462307461049E-4,-3.119445787111417
430978,0.0012900564272648595,-2.8893912931784254
440978,1.607904628250367E-4,-3.7937397147001004
450977,8.343039194486592E-4,-3.0786757161537706
460977,8.051064069405767E-4,-3.0941467172803407
470976,2.1542203395327354E-4,-3.666709877941838
480976,4.509053729720019E-4,-3.3459145896253677
490975,9.630622338422943E-5,-4.016345647516173
500975,0.001334693807488963,-2.874618354501658
510974,1.2947052169435172E-4,-3.887829102029068
520974,6.941402686675293E-4,-3.1585527604487877
530973,2.440643436563791E-4,-3.612495663779793
540973,7.136161222899912E-4,-3.146535346773071
550972,2.0244177975123313E-4,-3.6936998532801533
560972,0.001374580586546126,-2.861829794004312
570971,0.001352300913962206,-2.868926658444536
580971,3.4066580745041825E-4,-3.467671454283041
590970,9.334275734164572E-4,-3.0299193742182267
600970,0.001124435235889994,-2.949065553572584
610969,9.025027820022486E-4,-3.044551450689492
620969,0.00148672567169972,-2.8277691594256322
630968,8.230904938981462E-4,-3.0845524140707483
640968,6.656335958024315E-4,-3.176764766489868
650967,3.7218469729265825E-4,-3.429241487244963
660967,1.6900090616295613E-4,-3.772110966744217
670966,4.659342124895195E-4,-3.3316753991248813
680966,1.6911136218809833E-4,-3.771827212214086
690965,5.116101943283189E-4,-3.291060810369252
700965,4.4207121501497245E-4,-3.354507762785033
710964,4.0863953852400553E-4,-3.388659614864484
720964,4.1289895813177317E-4,-3.384156212979482
730963,2.9437135564660454E-4,-3.5311044521125634
740963,0.0010309791833983414,-2.986750103510374
750962,8.423548684371449E-4,-3.074504909763894
760962,1.6088999052083657E-4,-3.793470973904618
770961,2.86292651776267E-4,-3.543189798796333
780961,1.5759761668305856E-4,-3.8024503545445776
790960,8.668951322181044E-4,-3.0620334356882424
800960,2.0746885634401557E-4,-3.683047087063039
810959,7.333538269423354E-5,-4.134686437347079
820959,6.648640313987699E-4,-3.1772671613899677
830958,6.51035319918731E-4,-3.1863954494814135
840958,1.6483097477246227E-4,-3.782961173047131
850957,5.695443412690948E-5,-4.244472458733528
860956,8.440469119764743E-4,-3.0736334146938633
870956,3.797357605723286E-4,-3.420518502444263
880956,6.717368746063733E-4,-3.172800810703078
890955,0.0013653656790893743,-2.8647510181164155
900955,5.6161331953408E-4,-3.250562600786448
910954,3.0188258326031654E-5,-4.520161942333413
920954,2.8814508103979327E-4,-3.540388789913993
930953,1.5350205065395637E-5,-4.813885818351298
940953,3.32544621453591E-4,-3.478150072012408
950952,0.001227842074196813,-2.910857488826359
960952,4.0668310411380614E-4,-3.390743870237569
970951,1.4538460976945482E-4,-3.837481564907261
980951,7.487778129964814E-4,-3.1256470326406163
990950,1.7128572331592294E-4,-3.7662788340193383
1000950,6.859957623582129E-4,-3.1636785670776923
1010949,8.230657168084944E-4,-3.0845654876214166
1020948,3.421034378758423E-4,-3.4658425614682384
1030948,4.734348627171409E-5,-4.324739764725058
1040948,5.499879350322064E-4,-3.2596468374264984
1050947,3.600098232608512E-4,-3.4436856488722194
1060947,3.1901615783776774E-4,-3.496187319820341
1070946,8.89317063013902E-4,-3.0509433749488233
1080946,2.3520985644324592E-6,-5.628544483151925
1090945,1.5849262367447392E-4,-3.799990945257067
1100945,4.628081114801692E-4,-3.33459903792209
1110944,6.39949429995041E-4,-3.1938543434252233
1120944,2.3244441954859384E-4,-3.633680875758993
1130943,1.019488545976848E-4,-3.991617649186473
1140943,3.822551384149647E-4,-3.417646667929335
1150942,1.9661864342602437E-4,-3.7063753046464734
1160942,1.334880259710281E-4,-3.8745576892652194
1170941,4.306932399934346E-4,-3.3658319447142717
1180941,3.731581681425778E-4,-3.4281070475705215
1190940,2.618358028375399E-4,-3.5819709692762265
1200940,6.371070938657195E-4,-3.1957875592413214
1210939,2.874042673243513E-6,-5.54150678783137
1220939,0.0010123352223283051,-2.9946756524168134
1230938,3.626024877643507E-4,-3.4405692205973124
1240938,1.6254991211205437E-4,-3.7890132609833582
1250937,1.3168430612611038E-4,-3.880465980307452
1260937,1.3873656777489295E-4,-3.8578090537810055
1270936,1.9014420455706397E-4,-3.7209169069983568
1280936,5.985997653414711E-4,-3.222863457744615
1290935,1.9747484409884783E-5,-4.704488220366072
1300935,2.7791451414779875E-4,-3.556088771503675
1310934,7.396615569712285E-5,-4.130966952650157
1320934,3.324106157694128E-4,-3.478325115163322
1330933,1.8686645009251387E-4,-3.7284686646329654
1340933,3.158898609767867E-4,-3.500464313292378
1350932,2.332552063700228E-4,-3.6321686538085274
1360932,4.0649647646425884E-4,-3.3909432145441105
1370931,6.472352297372423E-5,-4.188937851618165
1380931,7.197907904381568E-4,-3.142793714348121
1390930,3.6536086759366934E-4,-3.4372779701149385
1400930,5.306330056195302E-4,-3.275205740194947
1410929,8.338697389928046E-4,-3.07890178635867
1420928,2.3498465337263335E-4,-3.6289605001674867
1430928,4.433188963770343E-4,-3.3532837565929072
1440928,2.46991834943488E-6,-5.607317403410777
1450927,0.0010016195989629095,-2.999297186092345
1460927,6.794587477140924E-4,-3.167836905648168
1470926,6.964467717161894E-4,-3.1571120703861846
1480926,6.314025177086023E-5,-4.1996936906972495
1490925,1.5478045919859522E-4,-3.810283869220963
1500925,8.84454556596707E-5,-4.053324476294445
1510924,1.0539125116854041E-4,-3.9771954396635882
1520924,2.443773226170262E-4,-3.6119390976080292
1530923,2.89331415369537E-4,-3.5386044084505004
1540923,5.892180558030873E-4,-3.2297239532491298
1550922,2.7854264731956357E-4,-3.555108301109353
1560922,5.014318398748862E-4,-3.2997880927093988
1570921,6.901193869171465E-4,-3.1610757721696077
1580921,4.529849528451524E-4,-3.3439162240464504
1590920,8.57656078307984E-4,-3.066686830142585
1600920,2.8342905712337436E-4,-3.5475556279719314
1610919,1.903426660630541E-4,-3.720463851971266
1620919,2.6565328895514407E-4,-3.575684802881561
1630918,1.2881511070245077E-4,-3.890033188918993
1640918,2.273606683101388E-4,-3.6432846628377047
1650917,4.1968865849464654E-4,-3.3770727668374594
1660917,6.292453035867524E-4,-3.2011800171526144
1670916,3.065968585545611E-4,-3.5134322993166363
1680916,1.2069431356942716E-4,-3.918313190910066
1690915,1.3061680239048393E-4,-3.8840009523404304
1700915,3.881163595464019E-4,-3.4110380508673344
1710914,1.1630646970496281E-4,-3.9343961263806215
1720913,2.1526802916163536E-6,-5.66702046525171
1730913,6.641563044534089E-4,-3.17772970049163
1740912,8.124529969058486E-5,-4.090201754995114
1750912,2.2765959731933043E-4,-3.6427140366583624
1760912,6.210692015945037E-4,-3.206860006592794
1770911,8.273619068298554E-4,-3.0823044786477043
1780911,5.203108738803104E-4,-3.2837370977694094
1790910,2.4913296910860093E-4,-3.603568796130744
1800910,3.58160567980415E-4,-3.4459222299084944
1810909,7.539962944614865E-4,-3.1226307884788778
1820909,1.507436525723532E-4,-3.8217609658268707
1830908,3.673313418404535E-4,-3.4349420147321528
1840908,6.586996955090839E-5,-4.181312537315668
1850907,7.305787586681074E-4,-3.136332958906657
1860907,2.381439200771757E-4,-3.623160501746928
1870906,9.809152534943106E-5,-4.00836851201824
1880906,7.438234839352408E-5,-4.128530114250122
1890905,1.0794742564328363E-4,-3.9667877103677105
1900905,8.235808688546573E-6,-5.08429375026109
1910904,9.960686813076836E-5,-4.001710714905056
1920904,2.627960303785286E-4,-3.58038119922535
1930903,1.228662721263182E-4,-3.9105673184131513
1940903,2.3724474263644353E-4,-3.6248034027964766
1950902,5.0352745666748686E-5,-4.29797684297716
1960902,2.8948291414856693E-4,-3.538377064095342
1970901,2.1058563977636172E-4,-3.6765712474834937
1980901,5.817004722589448E-4,-3.2353005836154702
1990900,4.126267621486161E-4,-3.3844426079756915
2000900,3.072312309708279E-4,-3.512534639067317
2010899,5.924050032446736E-4,-3.2273812822366197
2020899,3.488113492465612E-4,-3.4574093929052716
2030898,2.2283798685533102E-4,-3.6520107736624703
2040897,1.2180577436105032E-4,-3.914332122920733
2050897,3.7824307868529814E-4,-3.422229010208369
2060897,2.9054372100028014E-4,-3.5367885057505775
2070896,3.749912504203513E-4,-3.4259788654415906
2080896,2.44811583088286E-4,-3.61116803770165
2090895,4.957375757754857E-4,-3.304748161317844
2100895,2.460999240320699E-4,-3.608888520358384
2110894,0.001141371342459871,-2.9425730359116327
2120894,2.0246322643062363E-4,-3.693653846565586
2130893,3.853130140584285E-6,-5.414186322317615
2140893,3.423049126420235E-4,-3.4655868679728083
2150892,2.1510217745122833E-4,-3.667355193284008
2160892,4.769094309036501E-4,-3.3215640892899385
2170891,4.579460495066177E-4,-3.3391856830915065
2180891,6.327318307353385E-4,-3.1987803170107614
2190890,2.0806266551459305E-4,-3.6818058420163093
2200890,4.3154844621424125E-4,-3.36497044272401
2210889,4.1372241035167204E-5,-4.3832909537758304
2220889,5.068799871612774E-4,-3.295094855426829
2230888,9.911452091201658E-5,-4.003862713930689
2240888,2.4506943001454697E-4,-3.61071085930691
2250887,5.118339671000986E-5,-4.29087089618498
2260887,5.133211402640177E-4,-3.28961084968634
2270886,2.0594117243985202E-4,-3.68625681911337
2280886,4.391390560321828E-4,-3.3573979360111514
2290885,3.271992770678786E-5,-4.485187664553826
2300885,2.712322879348834E-4,-3.5666586126025783
2310884,1.4543019490375532E-4,-3.8373454138439205
2320884,1.0311997043806273E-4,-3.9866572201560895
2330883,3.289902273898927E-5,-4.482817002517136
2340883,3.5964093671272073E-4,-3.4441308798515866
2350882,5.1232637695146403E-5,-4.290453284042501
2360882,1.1993469625370163E-4,-3.9210551604230366
2370881,1.737745229616447E-4,-3.760013895023243
2380881,5.7453906077931604E-5,-4.240680439901289
2390880,1.2981246321014348E-4,-3.886683609203225
2400880,4.2386383637194237E-4,-3.372773635411226
2410879,2.741279341469613E-4,-3.5620467067890593
2420879,1.551944587389924E-4,-3.809123789405414
2430878,2.247617031811073E-4,-3.6482776856029697
2440878,1.2618362710541415E-4,-3.8989969931035438
2450877,5.5953393488295174E-5,-4.252173569036453
2460877,5.366595378125959E-5,-4.270301147711195
2470876,1.3885880717513815E-4,-3.857426569739702
2480876,8.958079653108785E-5,-4.04778508023116
2490875,2.5678187932079796E-4,-3.5904356269764537
2500875,2.374111543209621E-5,-4.624498880384619
2510874,1.091115458081224E-4,-3.962129291433195
2520874,1.6763682229932952E-5,-4.775630580186955
2530873,6.474649911634164E-4,-3.188783709185842
2540873,2.8067978746553406E-5,-4.551788860996652
2550872,4.5281079074639533E-4,-3.344083232204557
2560872,3.250798736791953E-4,-3.488009917679017
2570871,2.121487606067055E-4,-3.673359501079741
2580871,6.829480112514852E-4,-3.165612355302303
2590870,1.295121107169875E-4,-3.8876896186743304
2600870,2.1269634556197355E-4,-3.6722399718551633
2610869,8.915820164641031E-6,-5.049838699982256
2620869,1.0041611188432449E-4,-3.9981965985349994
2630868,4.22065317924163E-4,-3.3746203333537395
2640868,5.827831786198957E-5,-4.234492992142246
2650867,1.8639568049800244E-4,-3.72956415613235
2660867,4.502474497703587E-4,-3.346548738372499
2670866,4.516814804172777E-5,-4.345167715764635
2680866,4.095501317833504E-5,-4.3876929299858505
2690865,1.1045183263765132E-4,-3.956827073836762
2700865,6.120956439597186E-4,-3.213180711190224
2710864,8.638915046285584E-6,-5.063540796757008
2720864,3.396806691648126E-5,-4.4689291676249105
2730863,4.7313394950901616E-4,-3.325015888232477
2740863,2.8651241364623727E-4,-3.5428565567288133
2750862,2.2311156679819414E-4,-3.6514779139545643
2760862,7.560690490260041E-5,-4.1214385401580484
2770861,5.49639009695863E-4,-3.259922451540872
2780861,1.835451830376622E-4,-3.7362570086408637
2790860,1.8035117904754733E-4,-3.743881014132034
2800860,4.817277658943317E-4,-3.317198321036262
2810859,8.810125798193478E-5,-4.055017890331288
2820858,4.578240168346521E-4,-3.3393014285571168
2830858,1.60715070815792E-4,-3.7939433960104902
2840857,1.3170928873854084E-4,-3.8803835955345027
2850857,1.9644508442885213E-4,-3.7067588339029967
2860856,1.7399525261687184E-4,-3.759462601087647
2870856,2.2265281389169628E-4,-3.652371811873813
2880856,1.2904894107583986E-4,-3.8892455547528617
2890855,2.827942492046396E-5,-4.548529426431312
2900855,1.5441630761657335E-4,-3.8113068365527245
2910854,7.061921274228495E-7,-6.151077128228419
2920854,1.3660095645398872E-4,-3.8645462597962483
2930853,8.79988575993929E-5,-4.0555229658214245
2940853,4.080349977642928E-4,-3.3893025852335077
2950852,1.3487584884412634E-5,-4.870065809058541
2960852,2.469533512558395E-4,-3.607385075912463
2970851,1.5639608439746883E-4,-3.8057741243315415
2980851,2.652960888453124E-4,-3.5762691526012347
2990850,1.4342351700380356E-4,-3.8433796320182565
3000850,2.6606505188326516E-4,-3.57501216705335
3010849,1.3839926968036456E-4,-3.8588662016034267
3020849,1.4889196597753327E-4,-3.8271287355974386
3030848,1.9175282786658405E-4,-3.717258222592556
3040848,9.087869140975054E-4,-3.0415379351279515
3050847,7.496698188634301E-5,-4.12512997316738
3060847,8.760968232772344E-5,-4.057447894412587
3070846,3.407839340978808E-5,-4.467520887781816
3080846,2.7019572626675207E-4,-3.5683215245717435
3090845,5.482964104050382E-4,-3.2609845973526803
3100845,2.3898846409992742E-4,-3.6216230618077554
3110844,1.0607350556797957E-4,-3.9743930781392582
3120844,9.90794501269092E-5,-4.004016412335613
3130843,1.2905549489218378E-4,-3.8892234994459587
3140843,1.5130344279892065E-5,-4.820151189811827
3150842,1.514549912098703E-5,-4.819716409890144
3160842,1.323246042065221E-4,-3.878359396344293
3170841,1.996898597169626E-4,-3.6996439881126766
3180841,3.1569571559997826E-4,-3.5007313120067804
3190840,2.1996228221108625E-5,-4.657651782959337
3200840,1.8820808253655754E-4,-3.7253617298691584
3210839,1.217603066307768E-4,-3.914494266881923
3220839,2.7314737210209496E-4,-3.5636029733923027
3230838,4.68054523410749E-5,-4.329703553256688
3240838,4.7192484803931404E-4,-3.3261271553498695
3250837,8.123499529447108E-5,-4.09025684035027
3260837,4.749569036065516E-4,-3.3233457953750998
3270836,3.253801037277813E-5,-4.487609006732331
3280836,1.636040562424042E-4,-3.7862059330494424
3290835,2.4288524914692355E-4,-3.6145988598701306
3300835,7.31914724401983E-5,-4.135539515770897
3310834,8.283366955235239E-4,-3.0817930988603517
3320834,9.774051192706086E-5,-4.009925390635089
3330833,6.655916620741065E-5,-4.176792127128821
3340833,1.3419129955588515E-4,-3.872275641226341
3350832,3.697126360151043E-5,-4.43213570588388
3360832,6.846503622614645E-5,-4.164531157713792
3370831,3.92651663154455E-4,-3.405992558666841
3380831,6.18935378849619E-4,-3.2083546919718753
3390830,1.0643632323271864E-5,-4.972910136256325
3400830,2.4471671708285558E-5,-4.611336362119993
3410829,3.905273860069007E-4,-3.4083485055135814
3420829,6.953251414273679E-5,-4.157812067197484
3430828,2.0670856285013946E-4,-3.684641532460575
3440827,1.5015939447587986E-4,-3.8234474916940773
3450827,3.985531816895126E-4,-3.3995137195043514
3460826,3.595801298294807E-4,-3.444204315114107
3470826,2.3381161511340599E-4,-3.6311339180913667
3480825,2.6796148751580425E-4,-3.57192762000576
3490825,3.058175830489536E-4,-3.5145375483494403
3500825,2.478687335986429E-4,-3.605778252102551
3510824,4.915068480021057E-4,-3.3084704269085328
3520824,2.4095364498701502E-4,-3.6180664995940495
3530823,1.5790962515667358E-4,-3.801591397382266
3540823,1.363268245754773E-4,-3.8654186810773496
3550822,4.797469499118632E-4,-3.3189877776986045
3560822,2.234595307301802E-4,-3.6508011175967945
3570821,7.996217551676172E-5,-4.097115398620053
3580821,2.420602863963676E-4,-3.616076457207104
3590820,8.530065609414566E-5,-4.0690476284224975
3600820,5.80419924651621E-6,-5.236257687520091
3610819,4.993456471161303E-5,-4.301598731592567
3620819,3.6486328721492247E-4,-3.4378698334347586
3630818,2.876281036870105E-4,-3.5411686819891157
3640818,7.475820234177985E-5,-4.126341150343392
3650817,2.8586270969761295E-5,-4.543842493920824
3660817,3.436463645119835E-4,-3.4638882461990828
3670816,1.1024962924484199E-4,-3.9576228623335026
3680816,9.987801332057343E-6,-5.000530104811812
3690815,1.4258598033770818E-4,-3.8459231740724653
3700815,1.9978437635938224E-4,-3.699438477702693
3710814,1.5354450273876423E-4,-3.8137657277260093
3720814,2.2670958253221462E-4,-3.6445301227808033
3730813,3.915542034998408E-4,-3.407208109336701
3740813,4.147884071915206E-4,-3.3821733900918405
3750812,3.6951952379893535E-5,-4.432362610437922
3760812,3.424895004971074E-5,-4.4653527378826885
3770811,1.0567508968844656E-4,-3.976027374904849
3780811,2.7615139429387195E-4,-3.5588527596733077
3790810,1.0808072039517823E-4,-3.9662517692542716
3800810,1.5684087873634974E-4,-3.8045407331323595
3810809,3.9913444294636263E-4,-3.3988807935486824
3820809,2.2914415835998653E-4,-3.6398912098761484
3830808,1.6798978445872035E-4,-3.7747171271318702
3840808,3.336741115585438E-4,-3.4766774872122017
3850807,1.4110006456183734E-4,-3.850472787529541
3860807,1.0016487950914875E-4,-3.9992845270621595
3870806,1.608234664650307E-4,-3.7936505811304566
3880806,1.368432158026385E-4,-3.8637767284877746
3890805,1.6038227290320772E-4,-3.7948436360878626
3900805,3.09458298085088E-4,-3.509397867263474
3910804,2.1626916126508627E-4,-3.6650054040340727
3920804,8.304864628638482E-5,-4.080667442263095
3930803,1.6148477009165233E-4,-3.7918684304662955
3940803,4.9251571454478776E-5,-4.307579908047165
3950802,5.274443214627768E-4,-3.2778233789833187
3960802,9.591840826390593E-5,-4.018098036830997
3970801,2.756993928202032E-4,-3.559564190350975
3980801,1.6318678977604128E-4,-3.787315000971731
3990800,6.316761474886369E-5,-4.199505522044438
4000800,2.593618105607067E-4,-3.5860939707490322
4010799,1.5528788535711961E-4,-3.808862424038193
4020799,6.285769897435196E-6,-5.201641521203142
4030798,2.257432512653527E-4,-3.64638522432355
4040798,4.803097087748741E-4,-3.3184786346295394
4050797,5.043161061103757E-4,-3.2972971617572555
4060797,6.024734774268674E-4,-3.2200620671940805
4070796,9.311346361933127E-5,-4.030987518236388
4080795,3.7724909569667386E-4,-3.4233717925978735
4090795,2.919852232145754E-4,-3.5346391267664967
4100794,3.459051368566673E-4,-3.461042988457047
4110794,1.294496044055657E-4,-3.887899272419085
4120794,7.10773660477871E-5,-4.14826867445293
4130793,8.822675288868222E-5,-4.054399704321696
4140793,5.467975024151336E-6,-5.262173477809049
4150792,1.3233442149757654E-4,-3.8783271768095706
4160792,6.407676586470735E-5,-4.193299416439377
4170791,4.375842908477859E-4,-3.3589382774437793
4180791,6.134362785553372E-5,-4.212230543465217
4190790,3.0662299571130946E-4,-3.513395277609409
4200790,2.87561877657377E-4,-3.541268689292053
4210789,3.9249944411379705E-4,-3.4061609539976625
4220789,7.996118176460829E-5,-4.097120795968932
4230788,2.982752732972491E-4,-3.525382747696135
4240788,2.6027309346877004E-4,-3.584570726097543
4250787,8.82707453282791E-5,-4.054183206361656
4260787,9.285030061050164E-5,-4.032216685857741
4270786,2.469930225631715E-4,-3.6073153151820905
4280786,1.744546439111591E-4,-3.758317465320788
4290785,3.6694202731392225E-5,-4.435402543939785
4300785,6.147149231481636E-5,-4.211326243586104
4310784,3.240598644260527E-4,-3.489374754026916
4320784,3.295030407101631E-5,-4.482140573308055
4330783,1.2112278994840252E-4,-3.916774134167969
4340783,6.834241711290683E-5,-4.165309665276297
4350782,3.4643679626151575E-4,-3.4603759862718007
4360782,4.364519620734663E-4,-3.3600635497922973
4370781,4.941442000995313E-5,-4.306146297697738
4380781,1.423124430942864E-4,-3.846757125699753
4390780,1.996375270404288E-4,-3.6997578184860775
4400780,8.145249548133698E-5,-4.0890956055583905
4410779,8.882979546747833E-5,-4.051441337862307
4420779,1.287628533503574E-5,-4.890209408030343
4430778,1.0256072521777512E-4,-3.989018916872017
4440778,1.4963255210930385E-4,-3.82497391674174
4450777,5.174796621112039E-4,-3.2861067140960585
4460777,9.759903943093038E-5,-4.010554456635555
4470776,1.2580403258737155E-4,-3.9003054375682225
4480776,5.6331375343405045E-5,-4.2492496452361594
4490775,2.2329242975387202E-4,-3.651126000492605
4500775,7.654561735484955E-5,-4.116079669931007
4510774,1.900738725290151E-4,-3.7210775769605275
4520774,1.0775528540179822E-4,-3.96756141848009
4530773,4.2596871482781986E-4,-3.370622296382204
4540773,8.83896725894895E-5,-4.05359847479923
4550772,1.2141870333827973E-4,-3.9157144093813447
4560772,1.1251955762424875E-4,-3.9487719839519606
4570771,1.323580042856942E-4,-3.8782497898216794
4580771,9.764588444485503E-6,-5.010346056529282
4590770,1.2360650223146256E-4,-3.907958682896323
4600770,1.894849466048326E-4,-3.7224252863087544
4610769,3.6078185643692503E-4,-3.4427553110620646
4620769,1.577545551261695E-4,-3.8020180917503983
4630768,8.184838911782057E-5,-4.086989863645148
4640768,5.394995697318284E-6,-5.2680088973446795
4650767,1.8338748913125085E-4,-3.7366302956376076
4660767,8.472975703907191E-5,-4.0719640389222995
4670766,3.9143976120890027E-4,-3.407335062181923
4680766,1.7300703018230702E-4,-3.7619362488518475
4690765,7.105745679834753E-5,-4.14839034030587
4700765,3.688550086842642E-4,-3.4331443148783176
4710764,1.340771412238771E-5,-4.872645258587987
4720764,4.433027780393424E-4,-3.3532995471049594
4730763,1.8505332824835161E-4,-3.7327030995616006
4740763,1.8382914704939252E-5,-4.735585627883887
4750762,1.1343427118673038E-4,-3.9452557149432352
4760762,8.042889373315943E-5,-4.094587904800983
4770761,1.4836810313677176E-4,-3.8286594556650435
4780761,8.045458738558832E-5,-4.094449188116249
4790760,1.6235739585620623E-4,-3.789527923198247
4800760,2.7368011532660975E-4,-3.5627567558147373
4810759,2.6908936866097954E-4,-3.570103460255862
4820759,4.8667275586020746E-5,-4.31276296505863
4830758,9.160060922467493E-5,-4.038101637881989
4840758,2.0632789420025872E-4,-3.6854420542453403
4850757,9.019924528053023E-5,-4.044797096292563
4860757,2.9458607384158806E-4,-3.5307877876926645
4870756,1.5506101355364655E-4,-3.8094973815988267
4880756,3.5916447301314637E-4,-3.4447066284006613
4890755,8.226477402291587E-5,-4.084786090941025
4900755,1.4393801228436667E-4,-3.8418244990077843
4910754,7.082701053598767E-5,-4.14980108850125
4920754,3.8075965250639926E-5,-4.419349078203004
4930753,2.266303381750626E-4,-3.644681953165959
4940753,1.9164437186059528E-4,-3.717503930418383
4950752,2.5853956277417564E-5,-4.587472989978841
4960752,1.9698601813438143E-4,-3.705564598521558
4970751,2.4085281469066324E-4,-3.618248274001901
4980751,2.411408384921556E-4,-3.6177292332979087
4990750,8.932155833041045E-5,-4.049043708704108
5000750,4.039538426285721E-6,-5.39366825626793
5010749,1.0775481095379157E-4,-3.9675633306888884
5020749,3.588487127546847E-4,-3.44508860730972
5030748,1.3838037919227463E-4,-3.8589254836697497
5040748,2.9886917818160153E-4,-3.5245188706276727
5050747,1.959786962627131E-4,-3.7077911357782227
5060747,3.470447413778312E-4,-3.4596145318923464
5070746,5.088202801676956E-4,-3.293435587238972
5080746,5.051540087630396E-5,-4.296576196219725
5090745,2.1303590735989464E-4,-3.671547189735126
5100745,8.418255035819806E-5,-4.074777921190582
5110744,7.422857479739521E-5,-4.129428877903045
5120744,2.4539440074476324E-4,-3.6101353509545513
5130743,9.40201950606319E-5,-4.026778852130236
5140743,4.75264075933263E-5,-4.323065011738444
5150742,1.9016910777790207E-4,-3.7208600310960085
5160742,2.2172682425003888E-4,-3.6541817632722244
5170741,3.933635091024592E-4,-3.4052059304626656
5180741,3.928454789797157E-4,-3.40577824052204
5190740,2.187164405618608E-4,-3.6601185705200403
5200740,1.4558017657983002E-4,-3.836897758183121
5210739,1.955182675941875E-4,-3.708812659522738
5220739,6.872038226741882E-6,-5.162914433341994
5230738,3.0378627189830986E-4,-3.517431855797529
5240738,2.762346491050113E-4,-3.558721847222584
5250737,7.585107808472237E-5,-4.1200382421294774
5260737,5.97365298316314E-4,-3.2237600096988612
5270736,1.3875023997314106E-4,-3.8577662570779285
5280736,5.694166121648897E-4,-3.244569866893482
5290735,2.4485350325401903E-4,-3.6110936779108025
5300735,1.113410464519872E-4,-3.9533447012418708
5310734,1.8778769097180597E-4,-3.7263328780881118
5320734,1.498694073133178E-4,-3.824287010186898
5330733,1.4070401438269308E-4,-3.8516935116670235
5340733,1.3758411860612387E-4,-3.861431694005911
5350732,9.497869038785718E-6,-5.022373822975186
5360732,4.173250081782283E-4,-3.379525589435474
5370731,1.425415771563322E-4,-3.8460584402457942
5380731,1.9622384004551894E-4,-3.707248229518553
5390730,1.3641389666629348E-4,-3.8651413852655487
5400730,1.4418125217272165E-4,-3.8410912070733665
5410729,8.339201535597871E-5,-4.078875530331634
5420729,4.0954299406028113E-4,-3.387700499024448
5430728,4.7809313187646495E-4,-3.3204874951864047
5440728,4.8928418724795E-4,-3.310438819600635
5450727,3.316404582793796E-5,-4.479332493394176
5460727,2.866893443365637E-5,-4.542588448601585
5470726,1.7637895946418056E-4,-3.7535532238165112
5480726,5.996779143991293E-5,-4.2220819455447645
5490725,3.328376185395888E-4,-3.4777675940373767
5500725,1.1187114464326225E-4,-3.951281918281689
5510724,1.925801578830684E-4,-3.715388461582262
5520724,1.3664998959779287E-4,-3.864390397031118
5530723,2.3005410263449925E-4,-3.638170017406197
5540723,2.136346070285318E-4,-3.6703283938526465
5550722,1.1208631425239272E-5,-4.950447411557672
5560722,2.268741835741666E-4,-3.6442149204622245
5570721,2.47519970350858E-4,-3.606389755666603
5580721,3.351463987127342E-4,-3.474765442919786
5590720,2.1562118078256916E-4,-3.6663085800104533
5600720,4.546240970412427E-4,-3.3423475485171497
5610719,2.9364253165287862E-5,-4.532181040294171
5620719,4.652383337535259E-5,-4.332324508363755
5630718,2.9134341844759564E-4,-3.5355947883312595
5640717,7.263135019609309E-5,-4.13887588235296
5650717,1.3463910281456015E-5,-4.870828791001216
5660716,6.004385093124763E-5,-4.221531461922459
5670716,1.1452510105257528E-4,-3.941099316346845
5680715,1.3159510956428728E-4,-3.880760249997963
5690715,1.3986186817969168E-4,-3.8543006750467836
5700714,1.8240654366005713E-4,-3.7389595858295386
5710714,2.734084509238338E-4,-3.563188065726991
5720713,2.281674178532063E-5,-4.6417463724368035
5730713,1.7586179276845408E-4,-3.7548285038750757
5740713,5.843017641264289E-5,-4.233362802463963
5750712,4.546246267648866E-4,-3.342347042481673
5760712,3.594349971855141E-5,-4.444379639123037
5770711,8.211694383729621E-5,-4.085567222225173
5780711,1.720638705574998E-4,-3.764310311919689
5790710,2.6824874237791534E-4,-3.571462305446306
5800710,9.768055140822216E-5,-4.010191897457193
5810709,3.071543205933326E-5,-4.512643371288108
5820709,1.3274240075586093E-4,-3.876990332048848
5830708,1.2327945731678796E-6,-5.909109286074543
5840708,9.693407197706567E-5,-4.013523543168754
5850707,1.1609401632246672E-4,-3.9351901639401783
5860707,3.333734172696941E-4,-3.4770690331623446
5870706,1.416855738439946E-4,-3.8486743665407737
5880706,2.1860974346707011E-4,-3.660330485388687
5890705,1.0009877665490612E-4,-3.9995712301657393
5900705,3.0828081665684344E-5,-4.511053499208895
5910704,8.938197465863995E-5,-4.048750054980226
5920704,2.8299381446855726E-4,-3.548223056954619
5930703,1.369173844608589E-4,-3.863541405802535
5940703,1.0582808679074068E-4,-3.9753990551796377
5950702,2.262508114835501E-4,-3.6454098544555946
5960702,1.863915608080766E-4,-3.729573754951214
5970701,2.2442219299694487E-4,-3.6489341981309775
5980701,1.7043682335814614E-4,-3.768436568879497
5990700,6.838930227886056E-5,-4.16501182700226
6000700,6.950885793865289E-6,-5.157959847082589
6010699,2.3130765880179902E-4,-3.6358099871157084
6020699,1.2372739235404215E-4,-3.9075341400537678
6030698,5.238746966621742E-5,-4.28077257762645
6040698,2.3246270559233937E-4,-3.633646711826159
6050697,2.747542594073372E-4,-3.561055566155558
6060697,1.0363160928451825E-4,-3.9845077576791894
6070696,8.911433551399046E-6,-5.050052426896568
6080696,3.485242086145662E-4,-3.457767050270217
6090695,2.4702351969905557E-4,-3.6072616945572245
6100695,3.2565163472367536E-4,-3.487246737389516
6110694,5.128953973535343E-5,-4.2899711982103845
6120694,2.0576997458328396E-4,-3.6866179960659204
6130693,4.1308579154172197E-4,-3.3839597427168244
6140693,2.533742351051243E-4,-3.5962375493601098
6150692,1.8365716624246372E-4,-3.7359921209596485
6160692,2.1820749302515019E-4,-3.661130340257291
6170691,3.4177150401748047E-4,-3.4662641504036795
6180691,5.1162836090604854E-5,-4.291045389440431
6190690,7.084065815801907E-6,-5.149717412571346
6200690,3.998887041335089E-4,-3.3980608634378013
6210689,2.044472788994533E-4,-3.6894186653337413
6220689,1.3707620981906485E-4,-3.863037912393777
6230688,3.6187908720991885E-5,-4.441436513801884
6240688,3.1376458272830134E-4,-3.5033960804869784
6250687,1.894189350633254E-4,-3.722576609374553
6260687,1.4501774528836555E-4,-3.8385788514941384
6270686,2.4075855936035452E-4,-3.61841826405019
6280686,2.060171079394535E-4,-3.686096713731822
6290685,4.2189533992608756E-5,-4.374795271621112
6300685,2.969411659534163E-4,-3.5273295905241984
6310684,3.982257956091768E-5,-4.399870611390795
6320684,2.4785095248152343E-4,-3.6058094077789034
6330683,1.7996420576138445E-4,-3.7448138659309085
6340683,3.803678778129059E-4,-3.419796166491844
6350682,4.2144472216036625E-6,-5.375259380553019
6360682,1.5494209200301605E-4,-3.8098305845559963
6370681,1.4621101565089748E-5,-4.835019906063669
6380681,1.7497420383631796E-4,-3.757025973927023
6390680,2.696300647263476E-4,-3.5692316840329443
6400680,2.5995895231718625E-5,-4.5850952219887855
6410679,1.7845060123177563E-4,-3.748481984490598
6420679,1.222548821687557E-4,-3.9127337885919626
6430678,1.9429396608290218E-4,-3.7115406864696463
6440678,5.956863969155809E-5,-4.224982317329314
6450677,8.958490470344771E-5,-4.04776516395729
6460677,1.1157413312291894E-4,-3.9524364787325177
6470676,9.308166666241737E-5,-4.031135849108869
6480676,1.4145080770985898E-4,-3.8493945682993678
6490675,7.79212596467996E-5,-4.1083440354257394
6500675,1.7083256298100477E-4,-3.767429343394913
6510674,2.5333124557838513E-4,-3.596311241534357
6520674,8.813806576874198E-5,-4.0548364845179465
6530673,2.9584075247992685E-4,-3.5289420015423105
6540673,1.8056369551062054E-4,-3.7433695653423102
6550672,4.932234281466616E-5,-4.306956302568677
6560672,4.332851225280218E-5,-4.36322622283941
6570671,1.6414088878565752E-4,-3.7847832193003588
6580671,2.3509628648374467E-4,-3.6287542308170235
6590670,5.19456823291854E-5,-4.284450544710022
6600670,3.9198201969334263E-4,-3.4067338537118284
6610669,1.0356467958769483E-4,-3.984788334123633
6620669,3.814961271863047E-4,-3.418509866490633
6630668,1.4833173031767529E-4,-3.8287659371181677
6640668,9.923157421147101E-5,-4.003350118934437
6650667,1.2800941857323648E-4,-3.892758075009171
6660667,1.1252108352900038E-4,-3.9487660944200953
6670666,2.8245631806777404E-4,-3.549048706389569
6680666,3.228890565580778E-4,-3.490946673957686
6690665,1.4177361424775705E-4,-3.8484045889899
6700665,5.738803906832108E-5,-4.241178614708647
6710664,1.939422071527918E-4,-3.7123276662239375
6720664,1.758821585326608E-5,-4.754778213094001
6730663,1.326760178908144E-4,-3.877207571777204
6740663,1.033867574103353E-4,-3.985535085535405
6750662,1.2816709908838175E-4,-3.8922234453178595
6760662,6.129819259462411E-5,-4.212552330665165
6770661,1.0477228205080832E-5,-4.979753596594299
6780661,1.5816374467414164E-4,-3.800893061245825
6790660,9.016664621006021E-5,-4.044954083807857
6800660,1.801320768350785E-4,-3.744408943748806
6810659,9.030902702482872E-5,-4.044268836717176
6820659,2.5519298954595587E-4,-3.5931312603714316
6830658,6.258441406454728E-5,-4.203533809418155
6840658,1.3479957695054385E-4,-3.870311470770526
6850657,2.7347414993555654E-4,-3.563083718950004
6860657,4.0242533301198483E-4,-3.395314687889963
6870656,1.4888183804467162E-4,-3.827158278191832
6880655,1.561420375708005E-4,-3.8064801576216363
6890655,1.5617753085683377E-4,-3.806381447582987
6900654,2.332165286298067E-4,-3.632240673302643
6910654,2.0443505307201695E-5,-4.68944463666573
6920653,1.6205490745703046E-4,-3.790337812831477
6930653,3.825122402236335E-4,-3.417354663055389
6940652,2.1768960253964176E-5,-4.66216231357487
6950652,1.0765371483926037E-4,-3.9679709792510307
6960651,4.407468873833045E-4,-3.3558107460667084
6970651,5.221243229143525E-4,-3.282226074915237
6980651,1.2558393420298328E-4,-3.901065915800021
6990650,9.276646408792648E-5,-4.032608996775038
7000650,7.754171174296641E-5,-4.110464616118087
7010649,2.3092570351506507E-5,-4.636527724625118
7020649,3.059789742201328E-4,-3.5143084156553637
7030648,7.678091396182642E-5,-4.114746722562252
7040648,5.136041940148512E-5,-4.2893714385410915
7050647,4.21131950800743E-5,-4.37558180790279
7060647,2.5855823593383333E-4,-3.587441623957857
7070646,5.863525936812937E-5,-4.231841149442775
7080646,3.10433392823178E-5,-4.508031568538792
7090645,9.868240623773616E-5,-4.00576026936643
7100645,8.545027096306868E-5,-4.06828655579194
7110644,1.7176645206581898E-4,-3.7650616548552627
7120644,1.4192472559903916E-4,-3.847941936778
7130643,4.40890491941083E-5,-4.355669266884828
7140643,8.521336530853091E-5,-4.069492282879806
7150642,4.6128242548312944E-6,-5.33603309137286
7160642,7.125865354969955E-6,-5.147162388011669
7170641,1.5496412083671694E-4,-3.809768843290163
7180641,3.435428840899705E-5,-4.464019042705857
7190640,3.884098002613969E-4,-3.410709820613287
7200640,8.941717143710962E-6,-5.048579072431356
7210639,6.0455415671514546E-5,-4.2185647884193544
7220639,1.5140143841488665E-4,-3.8198699987284135
7230638,1.0181400862749862E-4,-3.9921924631479677
7240638,4.2048600118791167E-4,-3.376248458149168
7250637,9.728745485344456E-5,-4.011943158078873
7260637,7.189224815651282E-5,-4.143317935268674
7270636,5.5016146576272905E-5,-4.259509831599331
7280636,3.3434609765565186E-4,-3.4758037413335505
7290635,2.25878172405475E-5,-4.64612573482496
7300635,1.3172882928705584E-4,-3.8803191678619045
7310634,1.7529766673114982E-4,-3.7562238644682715
7320634,8.287541033560714E-5,-4.08157430828794
7330633,3.1275822318335125E-4,-3.5047912628137468
7340633,3.376679622797609E-5,-4.471510142992537
7350632,1.7358347161966622E-4,-3.7604916301163893
7360632,9.516402005798653E-5,-4.021527220143349
7370631,3.664008343240624E-4,-3.4360435460797225
7380631,1.6543244530711881E-4,-3.781379310769084
7390630,6.309291869968886E-5,-4.200019381520161
7400630,2.462321651699553E-4,-3.6086552160538097
7410629,8.253984873261757E-5,-4.083336331371489
7420629,1.738781833275675E-4,-3.7597549059491926
7430628,3.745442603212282E-5,-4.426496853859072
7440628,1.3645687635550633E-4,-3.8650045744095767
7450627,2.9433802597925875E-5,-4.53115362710817
7460627,2.190852201076503E-4,-3.659386919756495
7470626,1.341203414408775E-4,-3.8725053496236215
7480626,5.873407373831357E-5,-4.23110987586888
7490625,5.560272876610815E-5,-4.254903894407458
7500625,3.8056516418451535E-4,-3.419570968268779
7510624,7.53885785690591E-5,-4.122694445113729
7520624,1.966039064002621E-4,-3.706407857250458
7530623,2.131234381520033E-4,-3.671368786323612
7540623,4.3471471703622164E-5,-4.361795656750895
7550622,3.6872868438667556E-4,-3.43329307615497
7560622,1.947305854789798E-5,-4.710565830392998
7570621,1.8143927316380642E-4,-3.7412687025445748
7580621,1.5717859162086724E-4,-3.8036066069866683
7590620,1.2278343179234275E-4,-3.910860232271499
7600620,2.779140142976207E-4,-3.5560895526157017
7610619,3.158834115801733E-5,-4.500473180199171
7620619,4.580726256833575E-5,-4.339065660788606
7630618,1.9895681486453124E-4,-3.7012411803810172
7640618,1.7269737858890787E-4,-3.7627142546329613
7650617,1.2439451526755278E-4,-3.9051987678891584
7660617,3.883363199266639E-4,-3.4107919892992156
7670616,2.7449944366150184E-4,-3.5614585314141975
7680616,3.037460293232115E-4,-3.5174893906094007
7690615,1.854416326534746E-4,-3.731792757775682
7700615,9.64148903090553E-5,-4.015855888507269
7710614,4.5425531978743154E-4,-3.342699977964236
7720614,2.1594552644657264E-5,-4.665655788419872
7730613,6.287424761861635E-5,-4.201527198867042
7740613,1.2217628448862533E-4,-3.913013086362491
7750612,1.1705814901691063E-4,-3.9315983474531504
7760612,4.8471354214406885E-4,-3.3145148465939633
7770611,1.61131954777623E-4,-3.7928183242150504
7780611,1.062712319964699E-4,-3.973584284640317
7790610,6.0119895910771505E-6,-5.220981780004902
7800610,4.7786391747586965E-5,-4.320695760926641
7810609,1.1182175443766734E-4,-3.9514736981208047
7820609,4.329739646454119E-5,-4.363538217620719
7830608,5.98129810226795E-5,-4.223204552220267
7840608,9.177057483145076E-5,-4.037296547958455
7850607,4.50352409474291E-5,-4.346447509352799
7860607,1.3557336030231632E-5,-4.867825639453542
7870606,1.1234984072356136E-4,-3.94942753893624
7880606,1.2201663590010055E-5,-4.913580953037807
7890605,2.1052427838320306E-4,-3.6766978126081327
7900605,3.2188629066178513E-4,-3.492297519793807
7910604,1.886138574281601E-4,-3.7244264028844825
7920604,1.676891611942011E-4,-3.7754950076722364
7930603,1.5139146811950327E-4,-3.8198985994266206
7940603,1.6258828495383822E-4,-3.788910750028512
7950602,5.411466230410926E-6,-5.266685047369947
7960602,3.035865473031625E-5,-4.517717477050101
7970601,1.9366902562939083E-4,-3.712939832424402
7980601,3.8088504989338215E-4,-3.4192060734830014
7990600,1.4827815790799888E-4,-3.8289228179443393
8000600,5.674181505787004E-5,-4.246096776100802
8010599,1.3839958119746043E-4,-3.8588652240693415
8020599,2.1863152128673073E-5,-4.660287223292098
8030598,1.6884153449896636E-4,-3.7725207094588447
8040598,1.5977938928132532E-5,-4.796479243161501
8050597,1.9973384582965873E-4,-3.6995483356722416
8060597,1.7929544720946225E-4,-3.746430738195271
8070596,3.045256678874396E-4,-3.516376095635157
8080596,1.2325839027759247E-4,-3.909183508340894
8090595,2.953173207671691E-4,-3.529711080319031
8100595,2.3822695554397658E-5,-4.623009099353354
8110594,1.0904657557102963E-4,-3.9623879681775045
8120594,1.5167794451413942E-4,-3.8190775653713542
8130593,1.0724021937196974E-4,-3.969642306289881
8140592,5.849503890328627E-5,-4.232880965854429
8150592,2.822813235764389E-4,-3.549317854888902
8160591,1.5474924520682112E-5,-4.810371460584497
8170591,2.5818787100423385E-4,-3.588064163617462
8180590,1.1325076832868356E-4,-3.9459588429153456
8190590,2.581516084275447E-4,-3.5881251647130936
8200589,1.9399370879208793E-4,-3.7122123539933995
8210589,3.590744730057509E-4,-3.4448154682429015
8220588,4.425309936752341E-5,-4.354056307088749
8230588,1.3045536147995296E-4,-3.884538067477444
8240588,7.606746471006035E-5,-4.118801058318131
8250587,3.549194775129048E-4,-3.449870166489931
8260587,1.3843440196170876E-4,-3.8587559711107566
8270586,2.473859050882468E-4,-3.60662504810535
8280586,2.738445646665639E-4,-3.562495874632018
8290585,4.525544243645219E-4,-3.3443291849010173
8300585,2.785918877890262E-4,-3.555031533783395
8310584,1.2587327423843985E-4,-3.9000664707093127
8320584,2.6073869948760306E-5,-4.583794504978237
8330583,2.158988386370054E-4,-3.665749693816286
8340583,7.685160104424129E-5,-4.114347080442227
8350582,1.3101009964617798E-4,-3.882695223034833
8360582,1.5902999098021793E-4,-3.7985209656860035
8370581,2.858210731977773E-4,-3.5439057544249604
8380581,2.8725573854191132E-5,-4.541731286600713
8390580,8.435245908859878E-5,-4.07390225210222
8400580,4.1544676867656746E-5,-4.381484614601965
8410579,3.442959546858057E-4,-3.463068080019559
8420579,7.072172706275602E-5,-4.150447142159768
8430578,1.6534000724454274E-5,-4.781622047679186
8440578,9.707647731899966E-5,-4.012885991597185
8450577,3.2835955039466156E-4,-3.48365034766211
8460577,4.5803838469535415E-5,-4.339098125570675
8470576,4.015868388598341E-5,-4.396220528692246
8480576,3.6074896518543536E-4,-3.442794906013816
8490575,2.0396124344510148E-5,-4.69045234903002
8500575,2.571759156684173E-4,-3.5897697051959594
8510574,7.946948284241661E-5,-4.099799613199484
8520574,3.3206161935445735E-4,-3.4787813185173357
8530573,1.1576792082456824E-4,-3.936411766506173
8540573,1.7745868584541645E-4,-3.750902738934497
8550572,6.038843641387451E-5,-4.219046215061617
8560572,8.365838055319869E-5,-4.077490546683632
8570571,6.175954202086641E-5,-4.209295933179898
8580571,1.3009094448262194E-4,-3.885752933247045
8590570,4.9340396323959564E-5,-4.306797366386262
8600570,2.6960064684794223E-4,-3.569279070140594
8610569,1.404643219979533E-4,-3.8524339727488344
8620569,1.4327578666088422E-4,-3.84382719835412
8630568,1.679232356027867E-4,-3.7748892062092563
8640568,4.3216009263703206E-4,-3.3643553400620587
8650567,3.5492856305756033E-4,-3.4498590491755663
8660567,1.1884983285526702E-4,-3.9250014247064047
8670566,1.811905475558078E-5,-4.74186446257218
8680566,1.3456242864640056E-4,-3.871076183123066
8690565,1.143921665817582E-4,-3.941603714413595
8700565,2.4801264270852663E-4,-3.6055261799858767
8710564,1.0948745378947878E-4,-3.9606356439487347
8720564,3.510016444255092E-4,-3.4546908488810373
8730563,3.895972972932278E-5,-4.409384064562182
8740563,4.182588483249078E-5,-4.378554862707388
8750562,1.5651496016705387E-4,-3.8054441449706764
8760562,2.2124825895895444E-4,-3.655120138155533
8770561,1.8807007805618508E-4,-3.7256802951927295
8780561,2.370611849876173E-5,-4.625139549040212
8790560,1.2828327501839828E-4,-3.8918299612454472
8800560,1.994606635543746E-4,-3.7001427405071836
8810559,2.215589455588457E-4,-3.6545107104104617
8820559,1.0785203795041078E-4,-3.9671716441427463
8830558,1.326558199670227E-4,-3.8772736915986052
8840558,5.746259813001628E-5,-4.240614741587717
8850557,2.2114316445873258E-4,-3.6553264801412375
8860557,1.3332329783778636E-4,-3.8750939523244456
8870556,1.6239471323841104E-4,-3.789428113326113
8880556,1.9880615133874088E-4,-3.7015701820557014
8890555,1.3081489291205258E-4,-3.883342809977094
8900555,1.4397435466258633E-4,-3.84171485943536
8910554,1.3442436761279734E-4,-3.8715219979448996
8920554,6.069948300604892E-5,-4.21681500791282
8930553,1.953333159220975E-4,-3.709223677412855
8940553,1.5806361822196001E-4,-3.8011680808818866
8950552,1.4038880663775114E-4,-3.8526675176282126
8960552,2.722637734802918E-4,-3.565010140607338
8970551,3.161186319626835E-5,-4.50014990618474
8980551,9.148355256514119E-5,-4.03865697885453
8990550,9.97823564125474E-6,-5.000946244184345
9000550,1.498879783408412E-4,-3.824233198036319
9010549,2.8774845654803154E-5,-4.540986997201109
9020549,4.7056544245003446E-5,-4.3273799698593844
9030548,8.06739811504579E-5,-4.093266510690443
9040548,2.6389885689913334E-4,-3.5785624909602225
9050547,2.581507320259849E-4,-3.5881266391064153
9060547,5.9298068298979266E-5,-4.226959454034698
9070546,1.414699577009603E-4,-3.8493357763230036
9080546,1.2224733680233304E-4,-3.912760593346669
9090545,2.825536130917931E-4,-3.548899134886006
9100545,2.1816267475028954E-4,-3.66121955043235
9110544,1.261249235016399E-4,-3.899199084166932
9120544,3.910920165354484E-4,-3.4077210493252643
9130543,1.8472770698430244E-4,-3.7334679606077064
9140543,1.8001414150236217E-4,-3.744693376367798
9150542,1.8215557265084968E-4,-3.7395575379302
9160542,2.0753375495218975E-4,-3.682911256073663
9170541,2.615667369518967E-4,-3.5824174854117574
9180541,5.6918490763834484E-6,-5.244746624076657
9190540,6.819350589647253E-5,-4.1662569814669
9200540,2.7901936467954105E-4,-3.5543656544983575
9210539,2.773612147189129E-4,-3.5569542693305833
9220539,3.121307264329449E-6,-5.50566347688596
9230538,2.5645895359959996E-6,-5.590982134067441
9240538,2.0522572134258732E-4,-3.687768209168873
9250537,7.952402303975299E-5,-4.099501657537172
9260537,2.3239373205793137E-4,-3.6337755895750052
9270536,5.947647378353315E-5,-4.225654787657643
9280536,7.901445831626509E-5,-4.102293432855817
9290535,2.295709170443599E-4,-3.63908313093941
9300535,1.1689752828223513E-4,-3.932194671598936
9310534,2.0691191767484652E-5,-4.684214494199595
9320534,3.834724740276292E-5,-4.416265804614471
9330533,2.832191257847543E-4,-3.5478774220899134
9340533,6.31762522442578E-5,-4.19944614098096
9350532,4.039542564286312E-5,-4.393667811387918
9360532,1.3879137901980605E-4,-3.857637509100216
9370531,9.536356121018985E-5,-4.020617539220281
9380531,8.6214463666438E-5,-4.064419869168451
9390530,1.8019385891129933E-4,-3.744260014058299
9400530,5.8646571581657534E-5,-4.231757371215767
9410529,1.3581452382095986E-4,-3.86705378470925
9420529,9.026047394546671E-5,-4.044502390388657
9430528,1.9882337348185657E-4,-3.7015325617017814
9440528,2.004799072625653E-5,-4.697929147244605
9450527,3.1614309990482336E-4,-3.500116292598073
9460527,3.5332524914974774E-5,-4.451825326124195
9470526,2.0203008751595804E-4,-3.694583948033026
9480526,5.112934061458243E-5,-4.291329808081107
9490525,1.730779257205374E-4,-3.761758318312247
9500525,2.3424789383292104E-4,-3.6303243052463845
9510524,1.899946972399404E-5,-4.721258520055436
9520524,2.0586805062954082E-5,-4.686411047806073
9530523,1.1031548746608519E-4,-3.957363511595268
9540523,1.0166112948307208E-4,-3.992845069475528
9550522,8.471423396028246E-5,-4.072043611971064
9560522,7.996199231963922E-5,-4.097116393610372
9570521,3.480473193446187E-7,-6.458361706820082
9580521,1.37230985758096E-4,-3.8625478170228216
9590520,1.5177227650260114E-4,-3.8188075516390305
9600520,7.742145802153104E-5,-4.111138654190624
9610519,3.1137452179047776E-5,-4.506716926445132
9620519,6.181184554669772E-5,-4.2089282892704745
9630518,1.2958445661175944E-4,-3.8874470880686314
9640518,2.6627388963070675E-4,-3.5746714176589065
9650517,1.758259328706259E-4,-3.7549170696945056
9660517,1.8073620598210564E-4,-3.7429548386777283
9670516,3.061214149763416E-5,-4.514106287910869
9680516,2.944226418554821E-4,-3.531028794691924
9690515,2.3286518953870994E-4,-3.632895428258667
9700515,7.358999613063996E-5,-4.133181219909144
9710514,1.0806081459218771E-4,-3.9663317629530446
9720514,2.347453351337864E-4,-3.629403029288837
9730513,2.486665566937717E-5,-4.604382619313879
9740513,1.3385032958745168E-4,-3.873380555087169
9750512,1.0279622191217478E-4,-3.988022846749757
9760512,3.837762971906808E-5,-4.415921851688029
9770511,1.4413457496500335E-5,-4.841231828239544
9780511,8.935337711766218E-5,-4.048889028655274
9790510,1.3220359233004757E-4,-3.8787567437314667
9800510,3.812317881522563E-5,-4.418810893858653
9810509,2.2325952408301962E-4,-3.6511900053689814
9820509,6.232744995806403E-5,-4.205320641306243
9830508,1.1277435810540068E-5,-4.94778963616176
9840508,4.0251170501069594E-5,-4.395221485860977
9850507,8.054038484027889E-5,-4.093986299565808
9860507,7.80029555226322E-5,-4.107888941631918
9870506,7.549835771307745E-5,-4.122062495309957
9880506,1.372742033576052E-4,-3.8624110679493087
9890505,4.6542050706394794E-5,-4.332154485018988
9900505,7.361826141292322E-5,-4.133014443174186
9910504,8.22158808322819E-8,-7.085044285967536
9920504,2.0170857662521254E-4,-3.695275635243787
9930503,8.0798815635664E-5,-4.092595005149492
9940503,1.9369176226528546E-4,-3.7128888494863967
9950502,3.1528738301500516E-4,-3.5012934082454272
9960502,2.651141412744054E-4,-3.5765671062403346
9970501,1.137591240954895E-4,-3.9440137605133954
9980501,5.3305594603301646E-5,-4.273227207899601
9990500,1.0939262039279124E-4,-3.961011974444898
10000500,7.299506459786906E-6,-5.136706502761339
10010499,3.171530310847517E-4,-3.498731133621424
10020499,2.1988475259938458E-4,-3.6578048847435034
10030498,1.7787566034887503E-4,-3.7498834746218392
10040498,1.405932671424303E-4,-3.8520354767052662
10050497,1.721493135051625E-4,-3.7640947048298523
10060497,3.136958744528606E-5,-4.5034911928551375
10070496,4.436990906080281E-5,-4.352911461399109
10080496,3.7766424815732704E-4,-3.4228941260088437
10090495,5.719085863434428E-5,-4.242673383128823
10100495,8.922042164189657E-5,-4.049535728681083
10110494,8.532949835647158E-5,-4.0689008075333835
10120494,1.0449612596481308E-4,-3.980899810062894
10130493,1.2146132855919678E-4,-3.9155619728201367
10140493,5.705717426011911E-5,-4.243689740453662
10150492,2.2011229931811598E-4,-3.65735568949231
10160492,1.3255035152828014E-4,-3.8776191161648383
10170491,4.507422826884347E-5,-4.346071700245093
10180491,1.8677303468082368E-6,-5.7286858247582755
10190490,9.506604878994408E-5,-4.021974556204524
10200490,2.331803432212902E-4,-3.6323080627909694
10210489,3.2383379167926926E-5,-4.489677835094299
10220489,1.1407660264324626E-4,-3.942803421181388
10230488,1.0473098457944243E-4,-3.97992481363021
10240488,1.2375262109037475E-5,-4.907445593905251
10250487,2.12610185992651E-4,-3.6724159325952677
10260487,2.7283327014809107E-4,-3.5641026715496076
10270486,3.0477160072854338E-5,-4.516025503938421
10280486,8.66731995752035E-5,-4.062115170988847
10290485,3.996231317189457E-5,-4.398349381088849
10300485,9.394321234968981E-5,-4.027134593376834
10310484,2.472021981728795E-4,-3.606947671730037
10320484,1.4905706915457382E-5,-4.826647422368546
10330483,7.609194356927741E-5,-4.1186613228434314
10340483,4.476673830324594E-6,-5.349044547084167
10350482,2.823791751609155E-5,-4.549167334695958
10360482,1.5367449637867776E-4,-3.813398201472565
10370481,1.329987485078827E-4,-3.876152445639515
10380481,5.87879977580273E-5,-4.230711331058547
10390480,1.8161404496514226E-4,-3.74085056872794
10400480,2.553840948975695E-4,-3.5928061537183034
10410479,9.981037786220016E-5,-4.000824300256041
10420479,1.2547695960818923E-4,-3.9014360130965713
10430478,4.195949201281618E-5,-4.3771697782803445
10440478,4.4176729829922685E-5,-4.354806435802378
10450477,3.550804651497245E-5,-4.449673219872551
10460477,1.2761320295761114E-4,-3.894104390857767
10470476,1.470932550088001E-4,-3.8324072414779065
10480476,5.904493321138817E-6,-5.228817364312051
10490475,9.913561836763393E-5,-4.003770280113243
10500475,1.1407465331732828E-4,-3.942810842411537
10510474,5.7902050019388895E-5,-4.237306059824421
10520474,1.6222462453017458E-5,-4.789883222345119
10530473,7.77265244902656E-5,-4.109430751160394
10540473,1.118728157466962E-4,-3.9512754309468017
10550472,1.6875181642314708E-4,-3.7727515437810624
10560472,3.4640383078549216E-5,-4.460417313883902
10570471,3.0413091658010627E-5,-4.516939429189452
10580471,1.4157736661109797E-4,-3.8490061699624243
10590470,2.415696482447159E-4,-3.6169576330802733
10600470,1.7143900996474798E-4,-3.765890349946211
10610469,8.023740804403177E-6,-5.095623109029958
10620469,6.963509753778764E-5,-4.1571718117539005
10630468,1.9691145168404566E-4,-3.705729026073315
10640468,1.9986216211274377E-5,-4.6992694186936435
10650467,8.891710344929205E-5,-4.051014693256878
10660467,1.9780961256126217E-4,-3.703752607678793
10670466,8.185726141787608E-6,-5.086942789021309
10680466,5.550740914219437E-5,-4.255649043277177
10690465,6.627026415285162E-5,-4.1786812983104085
10700465,1.6439051142909972E-4,-3.7841232534194935
10710464,7.272423674910887E-5,-4.138320828037449
10720464,1.880959418138666E-4,-3.725620574289369
10730463,1.4558356992478693E-4,-3.8368876352814363
10740463,1.814771352025714E-5,-4.7411780851230985
10750462,2.3700311567592612E-4,-3.6252459446566982
10760462,1.1464673573113174E-4,-3.9406383061685712
10770461,1.1032950456099716E-4,-3.957308332033522
10780461,1.1901918801606247E-4,-3.924383016945921
10790460,8.006480254280306E-5,-4.0965583630782385
10800460,3.57850132604622E-5,-4.4462988175182385
10810459,3.3255453694010115E-5,-4.47813712284228
10820459,1.2428940428640335E-5,-4.905565893531226
10830458,1.6354829158212163E-4,-3.7863539881353465
10840458,1.2346570985214021E-4,-3.9084536423216383
10850457,2.4466293688400786E-4,-3.611431815388227
10860457,2.4959385972527057E-4,-3.602766102964909
10870456,1.4299301139319883E-4,-3.8446851876226127
10880456,2.2161872963916992E-4,-3.654393538911079
10890455,1.0011939506682735E-4,-3.9994817831142786
10900455,5.739117756306472E-5,-4.241154864225084
10910454,2.531746731091205E-4,-3.596579742095068
10920454,2.8606067165692066E-4,-3.5435418459921313
10930453,1.49368070828976E-4,-3.82574222812144
10940453,2.1300940032018619E-4,-3.6716012302837924
10950452,5.079832050286388E-5,-4.294150646149076
10960452,1.1745954225043404E-4,-3.930111695971335
10970451,1.3556681930346643E-4,-3.8678465933358575
10980451,2.5453685091141972E-6,-5.594249333213604
10990450,2.599949382758045E-4,-3.58503510703028
11000450,4.099970869141832E-5,-4.3872192289914596
11010449,1.4517608959234074E-4,-3.8381049057653436
11020449,2.3816285699274116E-4,-3.623125968549692
11030448,1.6501814632597988E-4,-3.7824682956896534
11040448,2.2651870828493436E-5,-4.644895923587645
11050447,1.6479103017222332E-4,-3.7830664313083533
11060447,1.0127487785939482E-4,-3.9944982719165076
11070446,1.574470813159521E-4,-3.8028653857109886
11080446,1.4835424149719484E-4,-3.8287000325456972
11090445,3.4456941005284446E-5,-4.462723280674814
11100445,7.67171840223187E-6,-5.115107346739542
11110444,5.325250474144447E-5,-4.273659960287249
11120444,3.397149543879704E-5,-4.468885334892627
11130443,7.532633766630264E-5,-4.123053147262497
11140443,2.2440487593915093E-4,-3.6489677108273675
11150442,3.36090091759817E-5,-4.473544290736312
11160442,9.200902386315263E-6,-5.036169576765466
11170441,5.5264135829460924E-5,-4.257556616692383
11180441,5.202394763287006E-5,-4.283796696159296
11190440,1.1810551754730466E-4,-3.9277298129336953
11200440,3.6945827845700776E-5,-4.4324345977534305
11210439,1.3719842168602564E-5,-4.862650884671486
11220439,6.284438255422274E-5,-4.201733536350898
11230438,9.731789013206356E-5,-4.0118073152152744
11240438,1.4812035855079182E-4,-3.829385245336868
11250437,1.0848227110983798E-4,-3.9646412312927772
11260436,1.5301423634887304E-4,-3.815268160815547
11270436,9.605581441960394E-5,-4.017476341432985
11280435,1.240380197253614E-4,-3.906445175917566
11290435,2.0987761921717655E-4,-3.6780338709398093
11300434,1.3170290319163342E-5,-4.880404651566618
11310434,2.4325812875988873E-4,-3.6139326383501365
11320433,2.2491309196425824E-4,-3.647985263984777
11330433,1.3173184671278398E-4,-3.8803092198775357
11340432,9.189261216003114E-5,-4.036719402945816
11350432,8.429383882977569E-5,-4.074204167486953
11360431,9.522515617895956E-5,-4.021248306379227
11370431,7.316377047203307E-5,-4.135703921388575
11380430,2.944474115475877E-4,-3.5309922591590195
11390430,3.08047762463333E-4,-3.5113819414018383
11400429,7.482630206034838E-6,-5.125945717218083
11410429,3.693262101335008E-5,-4.432589870490284
11420428,5.6989985235568205E-5,-4.244201455539103
11430428,2.2260468072739846E-5,-4.652465707958596
11440427,1.703501675592476E-4,-3.7686574349166446
11450427,4.673959416789343E-5,-4.330315062834028
11460427,2.684499502479211E-4,-3.571136672188936
11470426,1.461355850215202E-4,-3.8352440174900146
11480426,3.201275035299231E-4,-3.4946770121471626
11490425,6.306852577467718E-7,-6.200187320511446
11500425,2.5981240958193496E-5,-4.585340109289757
11510424,1.1369903725675155E-4,-3.944243212672428
11520424,2.674753296735669E-4,-3.572716268523978
11530423,1.6507917994898415E-4,-3.782307697200217
11540423,2.71191078757129E-4,-3.5667246013472966
11550422,2.643112726249355E-5,-4.57788431422581
11560422,1.831819630341695E-4,-3.7371172912597213
11570421,1.2034227399127106E-4,-3.919581786325083
11580421,1.4596811393947177E-4,-3.8357420034795098
11590420,1.4100490702704754E-4,-3.8507657734603122
11600420,4.61463872924535E-5,-4.335862293345906
11610419,1.9055011769338406E-5,-4.719990778649508
11620419,1.8196594196511037E-4,-3.7400098900409975
11630418,3.713321392657145E-4,-3.430237460411068
11640418,4.680610280055355E-5,-4.329697517870098
11650417,5.648887186006941E-5,-4.248037098477321
11660417,1.2176105190994111E-4,-3.914491608629436
11670416,1.235328343979422E-4,-3.908217593800395
11680416,3.720104685038892E-5,-4.42944483874847
11690415,1.2519885762463123E-4,-3.902399633821934
11700415,2.1083358898721445E-4,-3.6760601982520322
11710414,6.505706315454774E-5,-4.186705545796901
11720414,1.6008682024183787E-4,-3.7956444215588823
11730413,5.771588812560431E-6,-5.238704617079076
11740413,1.3536557536328477E-4,-3.8684917664530727
11750412,2.531215526931588E-4,-3.5966708741337343
11760412,2.0785296851500116E-5,-4.68224376860555
11770411,1.0765170936962572E-4,-3.9679790697522264
11780411,2.2895521277830648E-5,-4.640249464147281
11790410,5.51134486232394E-5,-4.25874241294144
11800410,8.203923911245255E-5,-4.085978376226582
11810409,2.3560718227275934E-4,-3.627811474606994
11820409,2.200065425343854E-4,-3.657564403976283
11830408,1.6760168212639305E-4,-3.775721626907745
11840408,2.3213207541874516E-4,-3.6342648456927114
11850407,1.207541149632775E-4,-3.9180980607802223
11860407,2.4174349424524753E-4,-3.6166452047378574
11870406,3.702749122672502E-4,-3.4314757122902706
11880406,5.2186803282253585E-5,-4.2824393051640355
11890405,1.7130334660006607E-4,-3.7662341525292664
11900405,8.540372155357143E-5,-4.0685232040772155
11910404,1.3016033645843716E-4,-3.8855213374386395
11920404,2.9970471045195887E-5,-4.52330643120445
11930403,1.5586563138676472E-6,-5.80724963686101
11940403,2.9586213774195834E-4,-3.5289106090936615
11950402,1.547847791342648E-4,-3.8102717481944954
11960402,1.1132639647715842E-4,-3.953401848377111
11970401,1.6411800774325072E-4,-3.784843763648607
11980401,1.986376204752343E-4,-3.7019384959336823
11990400,6.837053388406609E-5,-4.165131028817256
12000400,3.0437895100466275E-5,-4.516585384025648
12010399,3.1132203473985617E-4,-3.5067901397503003
12020399,5.278132590255908E-5,-4.2775197042081965
12030398,2.271758709505045E-4,-3.6436377982670893
12040398,1.7929198046366437E-4,-3.7464391355257627
12050397,2.3449320046903211E-4,-3.629869745876796
12060397,3.0461162104328677E-4,-3.516253532192686
12070396,7.319039948700306E-5,-4.1355458823741635
12080396,4.382746454840292E-5,-4.358253652879871
12090395,3.41096180347502E-4,-3.4671231438681547
12100395,1.4489302214971403E-4,-3.8389525290550126
12110394,2.9208969238523453E-4,-3.5344837686656154
12120394,3.737789872388459E-5,-4.427385117036172
12130393,6.14679260202014E-5,-4.211351440094979
12140393,3.8252217279905197E-4,-3.4173433860131484
12150392,3.411557393187678E-5,-4.467047318115559
12160392,1.1690632112143284E-4,-3.932162005913103
12170391,3.4865009066493195E-5,-4.457610217522666
12180391,1.4052006677241848E-4,-3.8522616525116233
12190390,7.886551698436005E-5,-4.103112845420832
12200390,1.5999530832582764E-4,-3.7958927523320645
12210389,1.3233034971457891E-5,-4.87834053977344
12220389,9.720107617344829E-5,-4.012328926703326
12230388,1.3666105174551015E-5,-4.864355241263604
12240388,1.7118969485366138E-4,-3.766522382199127
12250387,3.517675199474969E-5,-4.453744263112726
12260387,1.0318186796205737E-4,-3.9863966141030414
12270386,4.4450063317399205E-5,-4.3521276160576035
12280386,3.6558888740181585E-5,-4.437007013740774
12290385,9.170285843177751E-5,-4.037617126905769
12300385,8.754935978500459E-5,-4.057747025398426
12310384,5.885220710791376E-5,-4.230237245364065
12320384,8.422899652321503E-5,-4.074538373320411
12330383,3.0065506527259976E-5,-4.521931475000226
12340383,5.903189052492014E-5,-4.228913308064704
12350382,2.289347855766679E-4,-3.640288213283494
12360382,2.777948833054854E-5,-4.556275757780037
12370381,1.7266098443238884E-4,-3.76280578727326
12380381,6.216874467851952E-5,-4.206427901888659
12390380,1.1526583084901128E-4,-3.93829941493426
12400380,1.4864384417805082E-4,-3.827853071624608
12410379,6.585285869243247E-5,-4.181425367438701
12420379,4.867842972315409E-5,-4.312663439759322
12430378,1.8826045881241763E-4,-3.7252408872210374
12440378,6.919019386896516E-5,-4.1599554525139535
12450377,1.1006075066741267E-4,-3.958367529416891
12460377,5.4893871971104037E-5,-4.260476134924748
12470376,2.6877177088850495E-4,-3.57061634719243
12480376,2.634535754033147E-4,-3.5792959031174085
12490375,8.191558577612679E-5,-4.086633458769638
12500375,3.1182567243481183E-4,-3.5060881324512136
12510374,5.5035992950245814E-5,-4.259353193648761
12520374,2.250215520491317E-4,-3.6477758841652568
12530373,2.06266885129723E-4,-3.685570489718595
12540373,2.2265012927963405E-4,-3.6523770483638143
12550372,1.0306150082204205E-4,-3.9869035374621236
12560372,9.537859170813566E-5,-4.0205490943355855
12570371,2.5957350654612517E-4,-3.585739636016446
12580371,8.959761892880354E-5,-4.047703531630531
12590370,4.869573456662855E-5,-4.312509078524695
12600370,1.1090438292875258E-4,-3.9550512902425563
12610369,5.398260214897351E-5,-4.2677461847720455
12620369,1.638072661351715E-5,-4.785666837786712
12630368,1.4095977516504468E-5,-4.850904801643848
12640368,3.745188220639476E-5,-4.426526351227265
12650367,9.430676086164963E-5,-4.025457171529306
12660367,2.7374759154733235E-4,-3.5626496930917515
12670366,1.575817302691523E-5,-4.802494135217196
12680366,7.652948956822443E-5,-4.11617118329204
12690365,6.25701637651463E-5,-4.203632708340262
12700365,5.700886751514125E-5,-4.2440575861982905
12710364,4.8629975370612475E-5,-4.313095950386785
12720364,3.263607285102903E-4,-3.4863021060988952
12730363,1.400943212651889E-4,-3.8535794685199116
12740363,4.330278073325468E-5,-4.36348421407777
12750362,1.9293800190255648E-4,-3.7145822234130144
12760362,2.314794668090506E-4,-3.6354875266633973
12770361,5.693775481386743E-5,-4.24459966207794
12780361,6.082780551962852E-6,-5.215897851265292
12790360,1.6577064416385275E-4,-3.7804923749101853
12800360,1.01435064769663E-4,-3.993811889149277
12810359,4.217282749713281E-6,-5.37496728053039
12820359,2.846209599433753E-5,-4.5457331209328
12830358,4.025120200170723E-5,-4.395221145981475
12840358,5.8165847467738E-5,-4.2353319399186695
12850357,3.390718071147967E-5,-4.4697083191086335
12860357,2.9050357321405137E-4,-3.53684852138862
12870356,1.5343394945904504E-4,-3.8140785358796125
12880356,2.5597171062292565E-5,-4.591808029216431
12890355,2.0855518170236197E-5,-4.680779015327686
12900355,1.8504653877707804E-4,-3.7327190338008274
12910354,4.209128626114105E-6,-5.375807802510937
12920354,5.117475103210874E-5,-4.290944261526119
12930353,6.218303424518995E-5,-4.206328090208684
12940353,1.0280087334235756E-5,-4.988003195786701
12950352,2.051640965606276E-5,-4.6878986378578285
12960352,2.1688278160951916E-4,-3.663774925389217
12970351,2.28582053593878E-5,-4.640957869877319
12980351,2.7775523380827712E-5,-4.5563377487952375
12990350,1.8191134121609126E-4,-3.740140224113943
13000350,1.675720762694313E-4,-3.7757983492645635
13010349,5.521559627169704E-5,-4.25793823353823
13020349,6.570541208580677E-6,-5.1823988565863806
13030348,6.0251288280887066E-5,-4.2200336626568475
13040348,1.0831711056435518E-4,-3.9653029336173264
13050347,6.75692210447606E-5,-4.170251087703885
13060347,5.74743323203149E-5,-4.240526065231144
13070346,4.358647201129019E-6,-5.360648282348146
13080346,1.1556922702598944E-4,-3.9371577914514266
13090345,1.6835899819899237E-4,-3.773763667136085
13100345,1.2042281141395475E-5,-4.919291237888594
13110344,2.85048527558435E-4,-3.5450811980378467
13120344,2.0991217456639845E-4,-3.67796237231005
13130343,1.5793605379090295E-4,-3.8015187175211698
13140343,6.818934359715037E-5,-4.166283490131809
13150342,3.8781495307297815E-5,-4.411375449739303
13160342,8.248399510684895E-5,-4.083630312190594
13170341,1.3443908315681054E-4,-3.871474457979529
13180341,7.693197769186483E-5,-4.113893103001954
13190340,4.191151474446629E-5,-4.377666642834127
13200340,9.647509807050322E-5,-4.015584771279948
13210339,9.204596955131883E-5,-4.035995223346213
13220339,1.530323508421219E-4,-3.8152167501820102
13230338,1.1161816857449967E-4,-3.952265107643709
13240338,2.134975844024938E-4,-3.6706070343935346
13250337,5.509327835882341E-5,-4.258901383902144
13260337,1.6988826270722832E-4,-3.7698366247658335
13270336,8.947203537985578E-5,-4.048312682873695
13280336,1.3254551378205225E-4,-3.877634967083444
13290335,8.730429124267253E-5,-4.058964409018252
13300335,2.729563863383478E-4,-3.563906740086514
13310334,2.9540350344300936E-4,-3.529584358323514
13320334,1.1376096305389832E-4,-3.9440067400388568
13330333,9.866111824215575E-5,-4.005853966477309
13340333,1.4191997291073853E-4,-3.8479564804091773
13350332,1.1809203820672516E-4,-3.9277793816366486
13360332,6.1197062129536915E-6,-5.213269426409277
13370331,1.2117011403698068E-4,-3.916604483382049
13380331,1.8749777937922314E-4,-3.727003871451253
13390330,1.097400028713198